{
  "train_loss": [
    2.085623621940613,
    1.986040582259496,
    1.8857147991657257,
    1.8298572103182476,
    1.833563009897868,
    1.8468166589736938,
    1.8187664051850636,
    1.820625940958659,
    1.7999322215716045,
    1.7959749102592468
  ],
  "train_acc": [
    18.75,
    20.833333333333332,
    20.833333333333332,
    17.708333333333332,
    15.625,
    18.75,
    21.875,
    15.625,
    16.666666666666668,
    18.75
  ],
  "val_loss": [
    12.181315898895264,
    3.535032868385315,
    2.1291845440864563,
    2.017938494682312,
    1.9842388033866882,
    2.152798116207123,
    2.0932416915893555,
    1.9523786306381226,
    1.8610333800315857,
    1.8981868624687195
  ],
  "val_acc": [
    0.0,
    8.333333333333334,
    8.333333333333334,
    8.333333333333334,
    8.333333333333334,
    16.666666666666668,
    8.333333333333334,
    8.333333333333334,
    0.0,
    0.0
  ],
  "learning_rates": [
    0.001,
    0.001,
    0.001,
    0.001,
    0.001,
    0.001,
    0.001,
    0.001,
    0.001,
    0.001
  ]
}